[
  {
    "id": "84564564",
    "name": "Camera Lens",
    "quantity": "40",
    "status": "Rejected",
    "status_type": "bg-danger",
    "amount": "$40,570"
  },
  {
    "id": "84564786",
    "name": "Laptop",
    "quantity": "300",
    "status": "Pending",
    "status_type": "bg-warning",
    "amount": "$180,139"
  },
  {
    "id": "84564522",
    "name": "Mobile",
    "quantity": "355",
    "status": "Approved",
    "status_type": "bg-success",
    "amount": "$50,139"
  },
  {
    "id": "84564564",
    "name": "Camera Lens",
    "quantity": "40",
    "status": "Rejected",
    "status_type": "bg-danger",
    "amount": "$40,570"
  },
  {
    "id": "84564786",
    "name": "Laptop",
    "quantity": "300",
    "status": "Pending",
    "status_type": "bg-warning",
    "amount": "$180,139"
  },
  {
    "id": "84564522",
    "name": "Mobile",
    "quantity": "355",
    "status": "Approved",
    "status_type": "bg-success",
    "amount": "$50,139"
  },
  {
    "id": "84564564",
    "name": "Camera Lens",
    "quantity": "40",
    "status": "Rejected",
    "status_type": "bg-danger",
    "amount": "$40,570"
  },
  {
    "id": "84564786",
    "name": "Laptop",
    "quantity": "300",
    "status": "Pending",
    "status_type": "bg-warning",
    "amount": "$180,139"
  },
  {
    "id": "84564522",
    "name": "Mobile",
    "quantity": "355",
    "status": "Approved",
    "status_type": "bg-success",
    "amount": "$50,139"
  },
  {
    "id": "84564786",
    "name": "Laptop",
    "quantity": "300",
    "status": "Pending",
    "status_type": "bg-warning",
    "amount": "$180,139"
  }
]
